﻿{
    "excludedNamespaces":  "kube-flannel,kube-node-lease,kube-public,kube-system,kubernetes-dashboard,nginx-gateway,gpu-node,ingress-nginx,kubevirt,monitoring,registry",
    "k2sVersion":  "1.7.0",
    "excludedNsResources":  "endpoints,endpointslices",
    "excludedClusterRes":  "componentstatuses,nodes,csinodes,ipaddresses,certificatesigningrequests,storageclasses,servicecidrs,apiservices,flowschemas,prioritylevelconfigurations,ingressclasses,runtimeclasses,storageclasses",
    "backupTimestamp":  "2026-01-15T12:15:41.6905413+05:30"
}
